bonds_contacts_std_350,rmsf_cdrl1_std_350,gyr_cdrs_Rg_std_350,rmsf_cdrs_mu_400,gyr_cdrs_Rg_std_400,r-lamda_b=2.5_eq=0,all-temp_lamda_b=25_eq=0,all-temp-sasa_core_mean_k=20_eq=0,all-temp-sasa_core_std_k=20_eq=0
15.650567841314896,0.0480214656528234,0.019780766135554,0.1495563981042654,0.035185840841882,0.4356533712871567,0.6415808850981589,0.0,0.0
