bonds_contacts_std_350,rmsf_cdrl1_std_350,gyr_cdrs_Rg_std_350,rmsf_cdrs_mu_400,gyr_cdrs_Rg_std_400,r-lamda_b=2.5_eq=0,all-temp_lamda_b=25_eq=0,all-temp-sasa_core_mean_k=20_eq=0,all-temp-sasa_core_std_k=20_eq=0
14.97759686040055,0.0540828423577474,0.017947677683567,0.1701443917851501,0.0574801691242485,0.4356533712871567,0.6415808850981589,0.0,0.0
