merck_id,name,tagg
DAB006808,daclizumab,94.64228360733176
DAB006768,sirukumab,65.99752982844502
DAB005027,epratuzumab,78.39034200964898
DAB006766,sifalimumab,79.14418921203855
