merck_id,antibody_name,actual_tm,normalized_tm,denormalized_tm,error,abs_error,abs_error_percent
DAB006808,daclizumab,69.8,0.547655375957469,69.83985149113637,0.03985149113637476,0.03985149113637476,0.057093826842943785
DAB006768,sirukumab,67.9,0.3320459760295967,67.89505470378697,-0.004945296213037409,0.004945296213037409,0.007283205026564666
DAB005027,epratuzumab,64.3,-0.0669585563044453,64.29603382213391,-0.003966177866089993,0.003966177866089993,0.006168239294074639
DAB006766,sifalimumab,65.9,0.1164365761017242,65.95025791643756,0.05025791643755895,0.05025791643755895,0.07626390961693315
