merck_id,name,tm
DAB006808,daclizumab,69.83985149113637
DAB006768,sirukumab,67.89505470378697
DAB005027,epratuzumab,64.29603382213391
DAB006766,sifalimumab,65.95025791643756
