merck_id,name,tmon
DAB006808,daclizumab,54.0681016815846
DAB006768,sirukumab,62.659214805855356
DAB005027,epratuzumab,59.47511627844695
DAB006766,sifalimumab,61.4629838645012
