bonds_contacts_mu_300,bonds_contacts_std_300,rmsf_cdrl1_mu_300,rmsf_cdrl1_std_300,rmsf_cdrs_mu_300,rmsf_cdrs_std_300,gyr_cdrs_Rg_mu_300,gyr_cdrs_Rg_std_300,bonds_contacts_mu_350,bonds_contacts_std_350,rmsf_cdrl1_mu_350,rmsf_cdrl1_std_350,rmsf_cdrs_mu_350,rmsf_cdrs_std_350,gyr_cdrs_Rg_mu_350,gyr_cdrs_Rg_std_350,bonds_contacts_mu_400,bonds_contacts_std_400,rmsf_cdrl1_mu_400,rmsf_cdrl1_std_400,rmsf_cdrs_mu_400,rmsf_cdrs_std_400,gyr_cdrs_Rg_mu_400,gyr_cdrs_Rg_std_400,order_s2_300_b=2.5_mu,order_s2_300_b=2.5_std,order_s2_350_b=2.5_mu,order_s2_350_b=2.5_std,order_s2_400_b=2.5_mu,order_s2_400_b=2.5_std,order_s2_300_b=25_mu,order_s2_300_b=25_std,order_s2_350_b=25_mu,order_s2_350_b=25_std,order_s2_400_b=25_mu,order_s2_400_b=25_std,all-temp_lamda_b=2.5_eq=0,r-lamda_b=2.5_eq=0,all-temp_lamda_r_b=2.5_eq=0,all-temp_lamda_b=25_eq=0,r-lamda_b=25_eq=0,all-temp_lamda_r_b=25_eq=0,sasa_total_mean_300,sasa_core_mean_300,sasa_surface_mean_300,sasa_total_std_300,sasa_core_std_300,sasa_surface_std_300,sasa_total_mean_350,sasa_core_mean_350,sasa_surface_mean_350,sasa_total_std_350,sasa_core_std_350,sasa_surface_std_350,sasa_total_mean_400,sasa_core_mean_400,sasa_surface_mean_400,sasa_total_std_400,sasa_core_std_400,sasa_surface_std_400,all-temp-sasa_total_mean_k=20_eq=0,all-temp-sasa_core_mean_k=20_eq=0,all-temp-sasa_surface_mean_k=20_eq=0,all-temp-sasa_total_std_k=20_eq=0,all-temp-sasa_core_std_k=20_eq=0,all-temp-sasa_surface_std_k=20_eq=0
877.9253731343283,13.228546058842598,0.0661082191780822,0.04232534379028314,0.08818357030015797,0.03621910524468144,1.2540439104477614,0.014806171963773625,877.2338308457712,14.97759686040055,0.10033698630136985,0.05408284235774747,0.11352511848341233,0.04882572501022664,1.2378456915422886,0.01794767768356709,880.6019900497513,14.516101748405124,0.11747260273972603,0.05794343547929787,0.1701443917851501,0.06398196505605452,1.3341556616915422,0.05748016912424852,0.764715528015452,0.03150947281633105,0.781183753827643,0.0370421116879306,0.7442284263254809,0.03747274560647808,0.7722637193457433,0.04327208171170891,0.82332537100402,0.052759678776664994,0.7245241646174428,0.05421470388718933,0.28456642074869093,0.4356533712871567,0.4356533712871567,0.6415808850981589,0.34005542228697017,0.34005542228697017,0.11711711711711711,0.0,1.0,0.0,0.0,0.0,0.1036036036036036,0.0,1.0,0.0,0.0,0.0,0.1036036036036036,0.0,1.0,0.0,0.0,0.0,-0.04801382313107536,0.0,0.0,0.0,0.0,0.0
