bonds_contacts_mu_300,bonds_contacts_std_300,rmsf_cdrl1_mu_300,rmsf_cdrl1_std_300,rmsf_cdrs_mu_300,rmsf_cdrs_std_300,gyr_cdrs_Rg_mu_300,gyr_cdrs_Rg_std_300,bonds_contacts_mu_350,bonds_contacts_std_350,rmsf_cdrl1_mu_350,rmsf_cdrl1_std_350,rmsf_cdrs_mu_350,rmsf_cdrs_std_350,gyr_cdrs_Rg_mu_350,gyr_cdrs_Rg_std_350,bonds_contacts_mu_400,bonds_contacts_std_400,rmsf_cdrl1_mu_400,rmsf_cdrl1_std_400,rmsf_cdrs_mu_400,rmsf_cdrs_std_400,gyr_cdrs_Rg_mu_400,gyr_cdrs_Rg_std_400,order_s2_300_b=2.5_mu,order_s2_300_b=2.5_std,order_s2_350_b=2.5_mu,order_s2_350_b=2.5_std,order_s2_400_b=2.5_mu,order_s2_400_b=2.5_std,order_s2_300_b=25_mu,order_s2_300_b=25_std,order_s2_350_b=25_mu,order_s2_350_b=25_std,order_s2_400_b=25_mu,order_s2_400_b=25_std,all-temp_lamda_b=2.5_eq=0,r-lamda_b=2.5_eq=0,all-temp_lamda_r_b=2.5_eq=0,all-temp_lamda_b=25_eq=0,r-lamda_b=25_eq=0,all-temp_lamda_r_b=25_eq=0,sasa_total_mean_300,sasa_core_mean_300,sasa_surface_mean_300,sasa_total_std_300,sasa_core_std_300,sasa_surface_std_300,sasa_total_mean_350,sasa_core_mean_350,sasa_surface_mean_350,sasa_total_std_350,sasa_core_std_350,sasa_surface_std_350,sasa_total_mean_400,sasa_core_mean_400,sasa_surface_mean_400,sasa_total_std_400,sasa_core_std_400,sasa_surface_std_400,all-temp-sasa_total_mean_k=20_eq=0,all-temp-sasa_core_mean_k=20_eq=0,all-temp-sasa_surface_mean_k=20_eq=0,all-temp-sasa_total_std_k=20_eq=0,all-temp-sasa_core_std_k=20_eq=0,all-temp-sasa_surface_std_k=20_eq=0
871.9751243781094,14.810053668408734,0.056108219178082196,0.031228450118900762,0.0924993680884676,0.03439548446949638,1.2729368905472638,0.019118252545824638,872.776119402985,14.774073932495984,0.0974890410958904,0.050795390152299634,0.1251042654028436,0.05102608846232743,1.2858816119402985,0.02907999683936997,870.2885572139304,17.645100468832258,0.12103698630136986,0.057419412274823174,0.1578436018957346,0.06356187512442363,1.285403686567164,0.03179137335046608,0.764715528015452,0.03150947281633105,0.781183753827643,0.0370421116879306,0.7442284263254809,0.03747274560647808,0.7722637193457433,0.04327208171170891,0.82332537100402,0.052759678776664994,0.7245241646174428,0.05421470388718933,0.28456642074869093,0.4356533712871567,0.4356533712871567,0.6415808850981589,0.34005542228697017,0.34005542228697017,0.1036036036036036,0.0,1.0,0.0,0.0,0.0,0.11261261261261261,0.0,1.0,0.0,0.0,0.0,0.11261261261261261,0.0,1.0,0.0,0.0,0.0,0.03200921542071693,0.0,0.0,0.0,0.0,0.0
